2022-05-24  오전 05:32            40,556 package1.jpg
2022-05-24  오전 06:09            46,653 package10.jpg
2022-05-18  오후 10:16            25,510 package100.jpg
2022-05-18  오후 10:16            92,493 package101.jpg
2022-05-18  오후 10:17            40,204 package102.jpg
2022-05-18  오후 10:18            36,400 package103.jpg
2022-05-18  오후 10:19            38,251 package104.jpg
2022-05-17  오후 11:59            20,878 package105.jpg
2022-05-18  오후 10:19            49,019 package106.jpg
2022-05-18  오후 10:24            45,688 package107.jpg
2022-05-18  오후 10:26            30,268 package108.jpg
2022-05-18  오후 10:27            24,092 package109.jpg
2022-05-24  오전 06:10            46,734 package11.jpg
2022-05-16  오전 04:55            15,351 package110.jpg
2022-05-16  오전 05:02           164,311 package111.jpg
2022-05-16  오전 05:03            27,707 package112.jpg
2022-05-16  오전 05:03            83,913 package113.jpg
2022-05-16  오전 05:03             8,116 package114.jpg
2022-05-16  오전 05:03            42,213 package115.jpg
2022-05-18  오전 12:27            34,177 package116.jpg
2022-05-19  오전 06:06            46,835 package117.jpg
2022-05-18  오후 10:28           126,432 package118.jpg
2022-05-16  오전 05:03            65,688 package119.jpg
2022-05-24  오전 06:10            33,374 package12.jpg
2022-05-16  오전 05:03             5,581 package120.jpg
2022-05-19  오전 06:06            78,219 package121.jpg
2022-05-16  오전 05:04           781,810 package122.jpg
2022-05-16  오전 05:04            26,976 package123.jpg
2022-05-16  오전 04:55             6,480 package124.jpg
2022-05-16  오전 04:55            13,768 package125.jpg
2022-05-16  오전 04:55           136,174 package126.jpg
2022-05-18  오후 08:53            43,342 package127.jpg
2022-05-16  오전 04:56           442,710 package128.jpg
2022-05-16  오전 04:56            64,058 package129.jpg
2022-05-24  오전 06:10            30,904 package13.jpg
2022-05-16  오전 04:56            21,991 package130.jpg
2022-05-16  오전 04:56            36,547 package131.jpg
2022-05-18  오후 08:59            25,224 package132.jpg
2022-05-18  오후 09:00            28,289 package133.jpg
2022-05-18  오후 09:01            42,701 package134.jpg
2022-05-16  오전 04:56           124,517 package135.jpg
2022-05-16  오전 04:56           154,453 package136.jpg
2022-05-16  오전 04:56           263,749 package137.jpg
2022-05-18  오전 12:46            67,242 package138.jpg
2022-05-18  오후 09:02            54,312 package139.jpg
2022-05-24  오전 06:11            32,430 package14.jpg
2022-05-16  오전 04:57           265,689 package140.jpg
2022-05-16  오전 04:57            49,535 package141.jpg
2022-05-16  오전 04:57            84,271 package142.jpg
2022-05-16  오전 04:57           629,086 package143.jpg
2022-05-18  오후 10:02            82,239 package144.jpg
2022-05-16  오전 04:57            53,654 package145.jpg
2022-05-16  오전 04:54            88,942 package146.jpg
2022-05-18  오후 10:03            25,413 package147.jpg
2022-05-18  오전 04:48           253,453 package148.jpg
2022-05-16  오전 05:00            26,821 package149.jpg
2022-05-24  오전 06:11            30,891 package15.jpg
2022-05-18  오후 08:58            39,105 package150.jpg
2022-05-18  오후 10:10            45,905 package151.jpg
2022-05-18  오후 10:12            45,749 package152.jpg
2022-05-19  오전 04:25            37,341 package153.jpg
2022-05-19  오전 04:27            40,202 package154.jpg
2022-05-16  오전 04:59             5,242 package155.jpg
2022-05-19  오전 04:28            77,901 package156.jpg
2022-05-19  오전 04:29            43,550 package157.jpg
2022-05-19  오전 04:31            69,296 package158.jpg
2022-05-19  오전 04:30            87,208 package159.jpg
2022-05-24  오전 06:11            45,054 package16.jpg
2022-05-17  오후 11:55            21,653 package160.jpg
2022-05-18  오후 08:55            36,085 package161.jpg
2022-05-19  오전 04:10            21,758 package162.jpg
2022-05-19  오전 01:08           102,542 package163.jpg
2022-05-16  오전 05:23             5,756 package164.jpg
2022-05-16  오전 05:27             5,650 package165.jpg
2022-05-16  오전 05:27             9,158 package166.jpg
2022-05-18  오후 10:36            39,658 package167.jpg
2022-05-16  오전 05:27            43,607 package168.jpg
2022-05-16  오전 05:28           136,081 package169.jpg
2022-05-24  오전 06:11            29,723 package17.jpg
2022-05-16  오전 05:23             6,429 package170.jpg
2022-05-18  오후 10:37            81,752 package171.jpg
2022-05-16  오전 05:01            70,220 package172.jpg
2022-05-18  오후 10:39           220,115 package173.jpg
2022-05-18  오후 10:30            23,740 package174.jpg
2022-05-18  오후 10:31            24,237 package175.jpg
2022-05-18  오후 10:41            15,849 package176.jpg
2022-05-16  오전 05:23             5,663 package177.jpg
2022-05-18  오후 10:42            74,769 package178.jpg
2022-05-19  오전 06:08           305,167 package179.jpg
2022-05-24  오전 06:11            30,584 package18.jpg
2022-05-19  오전 06:09            43,997 package180.jpg
2022-05-18  오후 10:45            67,974 package181.jpg
2022-05-16  오전 05:30            17,475 package182.jpg
2022-05-16  오전 05:01            33,005 package183.jpg
2022-05-16  오전 05:23             5,171 package184.jpg
2022-05-18  오후 10:46           168,493 package185.jpg
2022-05-18  오후 10:47             8,462 package186.jpg
2022-05-16  오전 05:23             6,910 package187.jpg
2022-05-18  오후 10:48           116,480 package188.jpg
2022-05-16  오전 05:22             4,440 package189.jpg
2022-05-24  오전 06:11            26,625 package19.jpg
2022-05-16  오전 05:32             8,387 package190.jpg
2022-05-16  오전 05:23             6,316 package191.jpg
2022-05-18  오후 10:50            37,415 package192.jpg
2022-05-18  오후 10:49           190,446 package193.jpg
2022-05-18  오전 12:48         1,396,024 package194.jpg
2022-05-16  오전 05:23             4,614 package195.jpg
2022-05-16  오전 05:33           107,212 package196.jpg
2022-05-16  오전 05:33           156,955 package197.jpg
2022-05-16  오전 05:23             4,909 package198.jpg
2022-05-16  오전 05:23             5,330 package199.jpg
2022-05-24  오전 05:46            49,147 package2.jpg
2022-05-24  오전 06:11            36,208 package20.jpg
2022-05-16  오전 05:23             9,895 package200.jpg
2022-05-18  오후 08:05           334,699 package201.jpg
2022-05-16  오전 05:23             7,438 package202.jpg
2022-05-16  오전 05:23             4,137 package203.jpg
2022-05-16  오전 05:23            10,313 package204.jpg
2022-05-16  오전 05:01             6,476 package205.jpg
2022-05-16  오전 05:24             8,201 package206.jpg
2022-05-16  오전 05:24             7,322 package207.jpg
2022-05-16  오전 05:22             5,762 package208.jpg
2022-05-18  오후 08:05            32,422 package209.jpg
2022-05-24  오전 06:11            43,936 package21.jpg
2022-05-16  오전 05:24             6,836 package210.jpg
2022-05-16  오전 05:24             6,585 package211.jpg
2022-05-16  오전 05:24             6,275 package212.jpg
2022-05-18  오후 10:33            22,533 package213.jpg
2022-05-16  오전 05:24             4,686 package214.jpg
2022-05-16  오전 05:25             5,023 package215.jpg
2022-05-16  오전 05:01             4,275 package216.jpg
2022-05-16  오전 05:22             6,820 package217.jpg
2022-05-16  오전 05:25             8,270 package218.jpg
2022-05-18  오후 10:35            31,111 package219.jpg
2022-05-24  오전 06:12            59,683 package22.jpg
2022-05-16  오전 05:26             5,581 package220.jpg
2022-05-16  오전 05:26             7,977 package221.jpg
2022-05-16  오전 05:26             4,174 package222.jpg
2022-05-16  오전 05:26             5,574 package223.jpg
2022-05-17  오전 06:03             6,029 package224.jpg
2022-05-17  오전 06:08             7,181 package225.jpg
2022-05-19  오전 12:55            21,460 package226.jpg
2022-05-16  오전 05:01            62,882 package227.jpg
2022-05-16  오전 05:18            21,377 package228.jpg
2022-05-16  오전 05:18             9,866 package229.jpg
2022-05-24  오전 06:14            43,739 package23.jpg
2022-05-18  오전 04:31            28,947 package230.jpg
2022-05-18  오전 04:33            30,774 package231.jpg
2022-05-18  오전 04:32            38,922 package232.jpg
2022-05-18  오전 04:36            27,757 package233.jpg
2022-05-18  오전 04:36            43,375 package234.jpg
2022-05-18  오전 04:38            36,946 package235.jpg
2022-05-18  오전 04:37            40,041 package236.jpg
2022-05-18  오전 04:39            27,963 package237.jpg
2022-05-16  오전 04:55            99,838 package238.jpg
2022-05-18  오전 04:39            53,132 package239.jpg
2022-05-24  오전 06:12            55,353 package24.jpg
2022-05-16  오전 05:19            19,182 package240.jpg
2022-05-16  오전 05:20             4,137 package241.jpg
2022-05-16  오전 05:20            11,228 package242.jpg
2022-05-16  오전 05:20           229,004 package243.jpg
2022-05-18  오전 04:42            27,083 package244.jpg
2022-05-16  오전 05:20           167,942 package245.jpg
2022-05-18  오전 04:44            32,698 package246.jpg
2022-05-16  오전 05:21             3,249 package247.jpg
2022-05-18  오전 04:07            26,395 package248.jpg
2022-05-16  오전 05:02           343,902 package249.jpg
2022-05-24  오전 06:12            55,029 package25.jpg
2022-05-18  오전 04:07            22,558 package250.jpg
2022-05-16  오전 05:15             3,134 package251.jpg
2022-05-16  오전 05:14             2,695 package252.jpg
2022-05-16  오전 05:15             4,570 package253.jpg
2022-05-16  오전 05:15             1,808 package254.jpg
2022-05-16  오전 05:15             4,522 package255.jpg
2022-05-16  오전 05:16             3,644 package256.jpg
2022-05-16  오전 05:16             6,024 package257.jpg
2022-05-16  오전 05:16            67,135 package258.jpg
2022-05-18  오전 04:14            53,629 package259.jpg
2022-05-24  오전 06:12            53,060 package26.jpg
2022-05-16  오전 05:02           311,391 package260.jpg
2022-05-16  오전 05:16            49,853 package261.jpg
2022-05-16  오전 05:17            13,344 package262.jpg
2022-05-18  오전 04:16            32,493 package263.jpg
2022-05-18  오전 04:15            31,927 package264.jpg
2022-05-16  오전 05:17            68,040 package265.jpg
2022-05-16  오전 05:14             2,321 package266.jpg
2022-05-16  오전 05:17            37,418 package267.jpg
2022-05-18  오전 04:23            28,523 package268.jpg
2022-05-18  오전 04:24            42,706 package269.jpg
2022-05-24  오전 06:12            55,413 package27.jpg
2022-05-18  오전 04:23            42,174 package270.jpg
2022-05-17  오후 11:55            23,008 package271.jpg
2022-05-16  오전 05:02           294,956 package272.jpg
2022-05-16  오전 05:17            77,680 package273.jpg
2022-05-18  오전 04:28            36,375 package274.jpg
2022-05-16  오전 05:14             2,127 package275.jpg
2022-05-18  오전 04:29            28,878 package276.jpg
2022-05-18  오전 04:28            27,417 package277.jpg
2022-05-16  오전 05:17            16,272 package278.jpg
2022-05-16  오전 05:14             3,986 package279.jpg
2022-05-24  오전 06:15            31,663 package28.jpg
2022-05-16  오전 05:18            59,623 package280.jpg
2022-05-18  오전 04:30            72,524 package281.jpg
2022-05-18  오전 04:31            29,083 package282.jpg
2022-05-16  오전 05:02            66,703 package283.jpg
2022-05-18  오전 04:30            25,504 package284.jpg
2022-05-15  오후 01:25             5,665 package285.jpg
2022-05-19  오전 07:53           205,091 package286.jpg
2022-05-19  오전 07:53           239,178 package287.jpg
2022-05-16  오전 10:10            70,986 package288.jpg
2022-05-16  오전 10:11            82,188 package289.jpg
2022-05-24  오전 06:15            27,835 package29.jpg
2022-05-16  오전 10:06            20,588 package290.jpg
2022-05-16  오전 10:06           151,942 package291.jpg
2022-05-16  오전 10:08           193,367 package292.jpg
2022-05-16  오전 10:08            94,232 package293.jpg
2022-05-16  오전 05:03           161,652 package294.jpg
2022-05-16  오전 10:08           123,361 package295.jpg
2022-05-16  오전 10:08            53,157 package296.jpg
2022-05-16  오전 07:55             5,696 package297.jpg
2022-05-16  오전 07:51             6,908 package298.jpg
2022-05-16  오전 07:52             7,873 package299.jpg
2022-05-24  오전 05:28           174,568 package3.jpg
2022-05-24  오전 06:15            69,556 package30.jpg
2022-05-19  오전 08:02            60,993 package300.jpg
2022-05-16  오전 08:11             5,361 package301.jpg
2022-05-16  오전 05:40             5,719 package302.jpg
2022-05-16  오전 05:41             4,178 package303.jpg
2022-05-20  오후 09:14           193,923 package304.jpg
2022-05-18  오전 12:52            25,006 package305.jpg
2022-05-20  오후 09:16            59,010 package306.jpg
2022-05-20  오후 09:17            75,081 package307.jpg
2022-05-20  오후 09:18            56,830 package308.jpg
2022-05-20  오후 09:18            77,159 package309.jpg
2022-05-24  오전 06:16            36,988 package31.jpg
2022-05-20  오후 09:20           137,808 package310.jpg
2022-05-20  오후 09:21           256,612 package311.jpg
2022-05-20  오후 09:27           200,907 package312.jpg
2022-05-20  오후 09:28           233,242 package313.jpg
2022-05-20  오후 09:29           314,169 package314.jpg
2022-05-20  오후 09:30           108,448 package315.jpg
2022-05-18  오전 12:51            23,717 package316.jpg
2022-05-20  오후 09:45            58,345 package317.jpg
2022-05-20  오후 09:46           166,912 package318.jpg
2022-05-20  오후 09:48            99,067 package319.jpg
2022-05-24  오전 06:16            21,493 package32.jpg
2022-05-20  오후 09:50           279,006 package320.jpg
2022-05-20  오후 09:51           255,216 package321.jpg
2022-05-20  오후 09:52           157,797 package322.jpg
2022-05-20  오후 09:59           180,843 package323.jpg
2022-05-20  오후 10:03           120,198 package324.jpg
2022-05-20  오후 10:04            81,346 package325.jpg
2022-05-20  오후 10:05           200,069 package326.jpg
2022-05-16  오전 05:03            19,426 package327.jpg
2022-05-20  오후 10:06            87,716 package328.jpg
2022-05-20  오후 10:06           200,019 package329.jpg
2022-05-24  오전 06:07            38,186 package33.jpg
2022-05-20  오후 10:08           226,845 package330.jpg
2022-05-20  오후 10:09           114,937 package331.jpg
2022-05-20  오후 10:11           134,715 package332.jpg
2022-05-20  오후 10:12           141,780 package333.jpg
2022-05-20  오후 10:13            48,946 package334.jpg
2022-05-20  오전 01:56           322,819 package335.jpg
2022-05-20  오전 01:56           337,456 package336.jpg
2022-05-20  오전 01:55           311,643 package337.jpg
2022-05-16  오전 05:03            12,203 package338.jpg
2022-05-19  오후 12:53             3,841 package339.jpg
2022-05-24  오전 06:16            42,879 package34.jpg
2022-05-19  오후 12:53             3,582 package340.jpg
2022-05-19  오후 12:54             3,753 package341.jpg
2022-05-19  오후 12:54             3,655 package342.jpg
2022-05-19  오후 12:55             3,289 package343.jpg
2022-05-19  오후 12:55             3,140 package344.jpg
2022-05-19  오후 12:56             1,720 package345.jpg
2022-05-19  오후 12:56             2,328 package346.jpg
2022-05-19  오후 12:56             2,113 package347.jpg
2022-05-19  오후 12:56             2,414 package348.jpg
2022-05-18  오전 12:54            40,216 package349.jpg
2022-05-24  오전 06:16            46,233 package35.jpg
2022-05-19  오후 12:57             2,971 package350.jpg
2022-05-19  오후 12:57             3,557 package351.jpg
2022-05-19  오후 12:58             3,139 package352.jpg
2022-05-19  오후 12:58             3,656 package353.jpg
2022-05-19  오후 12:59             3,484 package354.jpg
2022-05-19  오후 12:59             1,436 package355.jpg
2022-05-19  오후 01:00             1,599 package356.jpg
2022-05-19  오후 01:00             1,423 package357.jpg
2022-05-19  오후 01:01             1,497 package358.jpg
2022-05-19  오후 01:01             1,490 package359.jpg
2022-05-24  오전 06:17            28,791 package36.jpg
2022-05-18  오전 12:54            28,928 package360.jpg
2022-05-19  오후 01:01             1,461 package361.jpg
2022-05-19  오후 01:01             3,564 package362.jpg
2022-05-19  오후 01:02             2,945 package363.jpg
2022-05-19  오후 01:02             1,528 package364.jpg
2022-05-19  오후 01:02             1,746 package365.jpg
2022-05-19  오후 01:02             2,118 package366.jpg
2022-05-19  오후 01:03             2,024 package367.jpg
2022-05-19  오후 01:03             1,584 package368.jpg
2022-05-19  오후 01:04             1,762 package369.jpg
2022-05-24  오전 06:17            30,507 package37.jpg
2022-05-19  오후 01:04             1,607 package370.jpg
2022-05-16  오전 05:04           291,814 package371.jpg
2022-05-19  오후 01:04             1,581 package372.jpg
2022-05-19  오후 01:05             1,971 package373.jpg
2022-05-19  오후 01:05             1,387 package374.jpg
2022-05-19  오후 01:05             1,141 package375.jpg
2022-05-19  오후 01:05             1,152 package376.jpg
2022-05-19  오후 01:06             1,280 package377.jpg
2022-05-19  오후 01:06             1,369 package378.jpg
2022-05-19  오후 01:06             1,432 package379.jpg
2022-05-24  오전 05:41            56,755 package38.jpg
2022-05-19  오후 01:06             1,373 package380.jpg
2022-05-19  오후 01:07             1,245 package381.jpg
2022-05-17  오후 11:56            22,024 package382.jpg
2022-05-16  오전 05:04            33,347 package383.jpg
2022-05-19  오후 01:07             2,294 package384.jpg
2022-05-19  오후 01:07             2,711 package385.jpg
2022-05-19  오후 01:08             2,968 package386.jpg
2022-05-19  오후 01:08             2,023 package387.jpg
2022-05-19  오후 01:09             1,478 package388.jpg
2022-05-19  오후 01:09             1,782 package389.jpg
2022-05-24  오전 05:41            54,714 package39.jpg
2022-05-19  오후 01:10             1,535 package390.jpg
2022-05-19  오후 01:10             1,653 package391.jpg
2022-05-19  오후 01:11             1,899 package392.jpg
2022-05-19  오후 01:11             1,920 package393.jpg
2022-05-16  오전 05:04             6,732 package394.jpg
2022-05-19  오후 01:11             1,893 package395.jpg
2022-05-19  오후 01:12             1,811 package396.jpg
2022-05-19  오후 01:14             1,634 package397.jpg
2022-05-19  오후 01:14             1,651 package398.jpg
2022-05-19  오후 01:14             1,750 package399.jpg
2022-05-24  오전 05:32           173,729 package4.jpg
2022-05-24  오전 05:41            26,793 package40.jpg
2022-05-19  오후 01:15             1,576 package400.jpg
2022-05-19  오후 01:15             1,697 package401.jpg
2022-05-19  오후 01:16             1,596 package402.jpg
2022-05-19  오후 01:16             1,749 package403.jpg
2022-05-19  오후 01:37             2,347 package404.jpg
2022-05-18  오후 08:57            28,235 package405.jpg
2022-05-19  오후 01:40             2,150 package406.jpg
2022-05-19  오후 01:41             1,576 package407.jpg
2022-05-19  오후 01:41             1,382 package408.jpg
2022-05-19  오후 01:42             1,522 package409.jpg
2022-05-24  오전 05:41            43,099 package41.jpg
2022-05-19  오후 01:42             1,743 package410.jpg
2022-05-19  오후 01:43             1,768 package411.jpg
2022-05-19  오후 01:43             2,062 package412.jpg
2022-05-19  오후 01:44             1,843 package413.jpg
2022-05-19  오후 01:44             1,720 package414.jpg
2022-05-19  오후 01:45             2,396 package415.jpg
2022-05-16  오전 05:04            41,798 package416.jpg
2022-05-19  오후 01:45             3,020 package417.jpg
2022-05-19  오후 01:46             2,842 package418.jpg
2022-05-19  오후 01:46             3,049 package419.jpg
2022-05-24  오전 05:41            29,981 package42.jpg
2022-05-19  오후 01:47             2,024 package420.jpg
2022-05-19  오후 01:47             1,905 package421.jpg
2022-05-19  오후 01:47             3,816 package422.jpg
2022-05-19  오후 01:48             3,125 package423.jpg
2022-05-19  오후 01:49             3,528 package424.jpg
2022-05-19  오후 01:49             4,230 package425.jpg
2022-05-19  오후 01:49             3,374 package426.jpg
2022-05-16  오전 05:05            22,157 package427.jpg
2022-05-19  오후 01:50             3,148 package428.jpg
2022-05-19  오후 01:50             3,508 package429.jpg
2022-05-16  오전 04:47            90,726 package43.jpg
2022-05-19  오후 01:51             3,406 package430.jpg
2022-05-19  오후 01:51             4,230 package431.jpg
2022-05-20  오전 01:10             3,967 package432.jpg
2022-05-20  오전 01:11             3,316 package433.jpg
2022-05-20  오전 01:11             3,595 package434.jpg
2022-05-20  오전 01:12             4,947 package435.jpg
2022-05-20  오전 01:12             5,070 package436.jpg
2022-05-20  오전 01:13             3,795 package437.jpg
2022-05-16  오전 05:05            34,596 package438.jpg
2022-05-20  오전 01:13             5,962 package439.jpg
2022-05-24  오전 05:30            40,974 package44.jpg
2022-05-20  오전 01:13             2,815 package440.jpg
2022-05-20  오전 01:14             3,345 package441.jpg
2022-05-20  오전 01:14             3,420 package442.jpg
2022-05-20  오전 01:15             3,409 package443.jpg
2022-05-20  오전 01:53           343,352 package444.jpg
2022-05-20  오전 01:15             3,647 package445.jpg
2022-05-20  오전 01:16             8,382 package446.jpg
2022-05-20  오전 01:16             9,156 package447.jpg
2022-05-20  오전 01:17             7,211 package448.jpg
2022-05-16  오전 04:56           123,324 package449.jpg
2022-05-24  오전 05:43            45,826 package45.jpg
2022-05-20  오전 01:17             7,465 package450.jpg
2022-05-20  오전 01:17            10,206 package451.jpg
2022-05-20  오전 01:18             3,450 package452.jpg
2022-05-20  오전 01:18             3,446 package453.jpg
2022-05-20  오전 01:19             3,769 package454.jpg
2022-05-20  오전 01:19             3,750 package455.jpg
2022-05-20  오후 09:15           101,362 package456.jpg
2022-05-20  오전 01:19             3,892 package457.jpg
2022-05-20  오전 01:20             2,663 package458.jpg
2022-05-20  오전 01:20             3,097 package459.jpg
2022-05-24  오전 05:34            93,498 package46.jpg
2022-05-16  오전 04:56           137,547 package460.jpg
2022-05-20  오전 01:21             3,801 package461.jpg
2022-05-20  오전 01:21             3,554 package462.jpg
2022-05-20  오전 01:22             2,886 package463.jpg
2022-05-20  오전 01:22             3,250 package464.jpg
2022-05-20  오전 01:22             3,909 package465.jpg
2022-05-20  오전 01:23             3,422 package466.jpg
2022-05-20  오전 01:23             3,818 package467.jpg
2022-05-18  오전 12:01            20,521 package468.jpg
2022-05-20  오전 01:24             3,902 package469.jpg
2022-05-24  오전 05:33           125,338 package47.jpg
2022-05-20  오전 01:24             3,832 package470.jpg
2022-05-18  오전 12:30            38,239 package471.jpg
2022-05-20  오전 01:36             3,744 package472.jpg
2022-05-20  오전 01:36             3,837 package473.jpg
2022-05-20  오전 01:36             4,501 package474.jpg
2022-05-20  오전 01:37             2,850 package475.jpg
2022-05-20  오전 01:38             3,319 package476.jpg
2022-05-20  오전 01:38             3,234 package477.jpg
2022-05-20  오전 01:38             3,076 package478.jpg
2022-05-20  오전 01:39             3,670 package479.jpg
2022-05-24  오전 05:59            49,883 package48.jpg
2022-05-18  오전 12:01            19,766 package480.jpg
2022-05-20  오전 01:39             3,347 package481.jpg
2022-05-18  오전 12:29            33,855 package482.jpg
2022-05-20  오전 01:40             2,406 package483.jpg
2022-05-20  오전 01:40             2,709 package484.jpg
2022-05-20  오전 01:41             6,568 package485.jpg
2022-05-20  오전 01:41             1,747 package486.jpg
2022-05-20  오전 01:42             1,910 package487.jpg
2022-05-20  오전 01:42             2,187 package488.jpg
2022-05-20  오전 01:43             2,266 package489.jpg
2022-05-20  오전 01:54           338,646 package49.jpg
2022-05-20  오전 01:44             1,856 package490.jpg
2022-05-20  오전 01:44             2,229 package491.jpg
2022-05-16  오전 05:08             3,369 package492.jpg
2022-05-16  오전 05:06             4,034 package493.jpg
2022-05-18  오전 12:30            42,449 package494.jpg
2022-05-20  오전 01:46           338,154 package495.jpg
2022-05-20  오전 01:47           353,770 package496.jpg
2022-05-20  오전 01:45           331,826 package497.jpg
2022-05-20  오전 01:48           312,809 package498.jpg
2022-05-20  오전 01:49           312,412 package499.jpg
2022-05-24  오전 05:31           425,332 package5.jpg
2022-05-16  오전 05:07             2,390 package50.jpg
2022-05-20  오전 01:49           331,542 package500.jpg
2022-05-20  오전 01:51           345,905 package501.jpg
2022-05-20  오전 01:52           344,851 package502.jpg
2022-05-20  오전 01:50           341,781 package503.jpg
2022-05-20  오전 01:51           336,444 package504.jpg
2022-05-16  오전 04:56         2,862,716 package505.jpg
2022-05-16  오전 05:08             2,162 package506.jpg
2022-05-20  오전 01:52           302,191 package507.jpg
2022-05-20  오전 01:54           326,333 package508.jpg
2022-05-18  오전 12:03            20,000 package509.jpg
2022-05-19  오전 05:09           337,393 package51.jpg
2022-05-16  오전 05:08             5,785 package510.jpg
2022-05-16  오전 05:08             3,599 package511.jpg
2022-05-16  오전 05:09             6,804 package512.jpg
2022-05-16  오전 05:09             3,648 package513.jpg
2022-05-18  오전 12:05            25,466 package514.jpg
2022-05-18  오전 12:06            23,670 package515.jpg
2022-05-16  오전 04:56            50,267 package516.jpg
2022-05-16  오전 05:09             3,460 package517.jpg
2022-05-16  오전 05:10             2,750 package518.jpg
2022-05-16  오전 05:10             4,254 package519.jpg
2022-05-19  오전 05:10            88,124 package52.jpg
2022-05-16  오전 05:04             2,703 package520.jpg
2022-05-16  오전 05:04             3,967 package521.jpg
2022-05-16  오전 05:04             3,977 package522.jpg
2022-05-19  오전 05:37           172,310 package523.jpg
2022-05-16  오전 05:04             2,365 package524.jpg
2022-05-16  오전 05:05             2,756 package525.jpg
2022-05-16  오전 05:05             2,490 package526.jpg
2022-05-16  오전 04:57            35,523 package527.jpg
2022-05-16  오전 05:05             2,893 package528.jpg
2022-05-16  오전 05:05             5,110 package529.jpg
2022-05-19  오전 05:13           215,908 package53.jpg
2022-05-16  오전 05:05             4,484 package530.jpg
2022-05-16  오전 05:05             2,130 package531.jpg
2022-05-16  오전 05:05             2,026 package532.jpg
2022-05-16  오전 05:05             2,953 package533.jpg
2022-05-16  오전 05:05             3,063 package534.jpg
2022-05-16  오전 05:05             2,500 package535.jpg
2022-05-16  오전 05:06             2,048 package536.jpg
2022-05-16  오전 05:06             3,712 package537.jpg
2022-05-18  오전 12:32            61,934 package538.jpg
2022-05-16  오전 05:06             3,997 package539.jpg
2022-05-19  오전 05:15            86,567 package54.jpg
2022-05-16  오전 05:06             3,996 package540.jpg
2022-05-19  오후 01:33             4,124 package541.jpg
2022-05-19  오후 01:33             2,886 package542.jpg
2022-05-19  오후 01:21             2,636 package543.jpg
2022-05-21  오전 09:57            23,690 package544.jpg
2022-05-18  오전 12:32            24,042 package545.jpg
2022-05-16  오전 04:57            47,292 package546.jpg
2022-05-18  오전 12:21            41,310 package547.jpg
2022-05-16  오전 04:58            29,458 package548.jpg
2022-05-16  오전 04:58            67,436 package549.jpg
2022-05-19  오전 05:17           114,532 package55.jpg
2022-05-17  오후 11:57            22,199 package550.jpg
2022-05-18  오후 07:27            29,023 package551.jpg
2022-05-16  오전 04:58            19,256 package552.jpg
2022-05-19  오전 04:20            23,189 package553.jpg
2022-05-19  오전 04:19            23,968 package554.jpg
2022-05-19  오전 04:09            20,938 package555.jpg
2022-05-19  오전 04:09            21,453 package556.jpg
2022-05-19  오전 04:09            21,596 package557.jpg
2022-05-19  오전 04:11            21,746 package558.jpg
2022-05-19  오전 04:14            22,477 package559.jpg
2022-05-19  오전 05:20            79,181 package56.jpg
2022-05-19  오전 04:16            22,609 package560.jpg
2022-05-16  오전 05:06             5,559 package561.jpg
2022-05-19  오전 04:18            22,399 package562.jpg
2022-05-19  오전 04:18            24,051 package563.jpg
2022-05-19  오전 04:20            23,607 package564.jpg
2022-05-16  오전 04:58           130,038 package565.jpg
2022-05-16  오전 04:58           135,873 package566.jpg
2022-05-16  오전 04:59             9,732 package567.jpg
2022-05-16  오전 04:59            18,308 package568.jpg
2022-05-16  오전 04:55             2,218 package569.jpg
2022-05-19  오전 05:20           145,832 package57.jpg
2022-05-16  오전 04:59           166,630 package570.jpg
2022-05-18  오후 08:53            76,329 package571.jpg
2022-05-16  오전 05:06             1,630 package572.jpg
2022-05-18  오전 12:40            76,765 package573.jpg
2022-05-18  오전 12:41            88,389 package574.jpg
2022-05-16  오전 05:00            57,244 package575.jpg
2022-05-16  오전 05:00            39,590 package576.jpg
2022-05-18  오전 12:44            26,113 package577.jpg
2022-05-19  오전 04:40           304,426 package578.jpg
2022-05-19  오전 04:43            63,873 package579.jpg
2022-05-19  오전 05:17           219,237 package58.jpg
2022-05-19  오전 04:42           150,730 package580.jpg
2022-05-19  오전 04:48           210,459 package581.jpg
2022-05-19  오전 04:49           118,907 package582.jpg
2022-05-16  오전 05:06             3,869 package583.jpg
2022-05-19  오전 04:50           162,109 package584.jpg
2022-05-19  오전 04:51           100,968 package585.jpg
2022-05-19  오전 04:52           115,062 package586.jpg
2022-05-19  오전 04:54            89,987 package587.jpg
2022-05-19  오전 04:54           354,195 package588.jpg
2022-05-19  오전 04:56           266,638 package589.jpg
2022-05-19  오전 05:21            43,380 package59.jpg
2022-05-19  오전 04:58           142,269 package590.jpg
2022-05-19  오전 05:05           349,973 package591.jpg
2022-05-19  오전 04:59           249,161 package592.jpg
2022-05-19  오전 05:06           229,306 package593.jpg
2022-05-24  오전 05:31           512,664 package594.jpg
2022-05-24  오전 05:31           374,128 package595.jpg
2022-05-16  오전 05:00           187,775 package596.jpg
2022-05-16  오전 05:03            92,216 package597.jpg
2022-05-16  오전 04:58            80,945 package598.jpg
2022-05-16  오전 04:58            34,605 package599.jpg
2022-05-24  오전 05:28           258,160 package6.jpg
2022-05-19  오전 05:21           371,285 package60.jpg
2022-05-16  오전 04:58           131,648 package600.jpg
2022-05-24  오전 05:30            76,782 package601.jpg
2022-05-24  오전 05:46            77,234 package602.jpg
2022-05-24  오전 05:30            33,483 package603.jpg
2022-05-24  오전 06:15            40,163 package604.jpg
2022-05-24  오전 06:16            43,413 package605.jpg
2022-05-24  오전 05:29            63,433 package606.jpg
2022-05-24  오전 06:16            64,216 package607.jpg
2022-05-24  오전 06:16            46,295 package608.jpg
2022-05-24  오전 05:37            39,199 package609.jpg
2022-05-16  오전 05:07             5,729 package61.jpg
2022-05-24  오전 05:42            41,571 package610.jpg
2022-05-24  오전 05:37            35,939 package611.jpg
2022-05-24  오전 05:37            37,982 package612.jpg
2022-05-24  오전 05:37            37,020 package613.jpg
2022-05-24  오전 05:37            43,982 package614.jpg
2022-05-24  오전 05:37            33,321 package615.jpg
2022-05-24  오전 05:37            31,948 package616.jpg
2022-05-24  오전 05:42            38,928 package617.jpg
2022-05-24  오전 05:38            68,381 package618.jpg
2022-05-24  오전 05:38            35,498 package619.jpg
2022-05-19  오전 05:23            70,016 package62.jpg
2022-05-24  오전 05:42            39,661 package620.jpg
2022-05-24  오전 05:42            20,266 package621.jpg
2022-05-24  오전 05:38            30,181 package622.jpg
2022-05-24  오전 05:37            32,027 package623.jpg
2022-05-24  오전 05:42            56,987 package624.jpg
2022-05-24  오전 05:51            25,673 package625.jpg
2022-05-24  오전 05:29            67,543 package626.jpg
2022-05-24  오전 06:06            75,826 package627.jpg
2022-05-24  오전 06:17            57,228 package628.jpg
2022-05-24  오전 06:17            66,224 package629.jpg
2022-05-19  오전 05:23            57,047 package63.jpg
2022-05-24  오전 06:17            64,394 package630.jpg
2022-05-24  오전 05:34            20,169 package631.jpg
2022-05-24  오전 05:34            38,410 package632.jpg
2022-05-24  오전 05:34            31,831 package633.jpg
2022-05-19  오후 01:40             3,239 package634.jpg
2022-05-19  오후 01:31             3,415 package635.jpg
2022-05-16  오전 05:40             6,472 package636.jpg
2022-05-16  오전 05:10            10,031 package637.jpg
2022-05-16  오전 05:40             9,518 package638.jpg
2022-05-15  오후 01:26             6,114 package639.jpg
2022-05-19  오전 05:24            41,769 package64.jpg
2022-05-20  오후 10:10           206,847 package640.jpg
2022-05-20  오후 09:47           637,199 package641.jpg
2022-05-20  오후 09:49           131,674 package642.jpg
2022-05-19  오후 01:16             3,613 package643.jpg
2022-05-19  오후 01:18             3,665 package644.jpg
2022-05-19  오후 01:19             3,323 package645.jpg
2022-05-19  오후 01:32             4,011 package646.jpg
2022-05-19  오후 01:19             3,298 package647.jpg
2022-05-19  오후 01:20             1,973 package648.jpg
2022-05-16  오전 05:11             5,327 package649.jpg
2022-05-19  오전 05:25            59,617 package65.jpg
2022-05-19  오후 01:20             5,831 package650.jpg
2022-05-19  오후 01:24             4,055 package651.jpg
2022-05-19  오후 01:22             3,615 package652.jpg
2022-05-19  오후 01:22             3,927 package653.jpg
2022-05-19  오후 01:22             3,321 package654.jpg
2022-05-19  오후 01:23             4,219 package655.jpg
2022-05-19  오후 01:23             2,060 package656.jpg
2022-05-19  오후 01:32             7,833 package657.jpg
2022-05-16  오전 04:55            33,152 package658.jpg
2022-05-19  오후 01:25             3,680 package659.jpg
2022-05-19  오전 05:26            76,792 package66.jpg
2022-05-19  오후 01:24             3,339 package660.jpg
2022-05-19  오후 01:33             3,998 package661.jpg
2022-05-19  오후 01:34             5,341 package662.jpg
2022-05-19  오후 01:34             2,299 package663.jpg
2022-05-19  오후 01:35             3,898 package664.jpg
2022-05-16  오전 05:11             7,650 package665.jpg
2022-05-19  오후 01:35             4,291 package666.jpg
2022-05-19  오후 01:36             3,099 package667.jpg
2022-05-19  오후 01:36             3,521 package668.jpg
2022-05-19  오후 01:37             3,739 package669.jpg
2022-05-19  오전 05:27           131,188 package67.jpg
2022-05-16  오전 05:01            80,088 package670.jpg
2022-05-19  오후 01:38             5,015 package671.jpg
2022-05-19  오후 01:39             2,480 package672.jpg
2022-05-19  오후 01:40             3,021 package673.jpg
2022-05-16  오전 05:01            29,889 package674.jpg
2022-05-16  오전 05:02         1,251,962 package675.jpg
2022-05-19  오후 01:25             3,668 package676.jpg
2022-05-16  오전 05:02             4,872 package677.jpg
2022-05-18  오전 12:51           271,451 package678.jpg
2022-05-16  오전 05:03            45,926 package679.jpg
2022-05-19  오전 05:28            97,549 package68.jpg
2022-05-16  오전 05:04             8,474 package680.jpg
2022-05-18  오전 12:56            40,534 package681.jpg
2022-05-18  오전 12:02            20,669 package682.jpg
2022-05-16  오전 04:56            27,865 package683.jpg
2022-05-16  오전 04:57           347,415 package684.jpg
2022-05-16  오전 04:57           144,670 package685.jpg
2022-05-18  오후 07:28            47,769 package686.jpg
2022-05-19  오후 01:28             3,843 package687.jpg
2022-05-16  오전 04:59         1,473,910 package688.jpg
2022-05-16  오전 05:00            23,213 package689.jpg
2022-05-19  오전 05:27           135,247 package69.jpg
2022-05-19  오전 05:39           627,279 package690.jpg
2022-05-19  오전 04:55           376,078 package691.jpg
2022-05-19  오전 05:22           781,598 package692.jpg
2022-05-16  오전 04:59            55,293 package693.jpg
2022-05-18  오전 12:03            21,053 package694.jpg
2022-05-16  오전 05:01           148,040 package695.jpg
2022-05-16  오전 05:02            18,207 package696.jpg
2022-05-18  오후 10:26            63,555 package697.jpg
2022-05-19  오후 01:29             2,975 package698.jpg
2022-05-16  오전 05:02            11,507 package699.jpg
2022-05-24  오전 05:41            37,759 package7.jpg
2022-05-19  오전 05:31           170,622 package70.jpg
2022-05-16  오전 05:03             3,804 package700.jpg
2022-05-16  오전 04:56         2,930,119 package701.jpg
2022-05-16  오전 04:56            43,537 package702.jpg
2022-05-16  오전 04:57            32,543 package703.jpg
2022-05-16  오전 04:58           230,964 package704.jpg
2022-05-16  오전 04:59           989,318 package705.jpg
2022-05-16  오전 05:10             5,748 package706.jpg
2022-05-16  오전 05:26             7,269 package707.jpg
2022-05-16  오전 05:27             7,810 package708.jpg
2022-05-19  오후 01:29             3,935 package709.jpg
2022-05-19  오전 05:32           123,555 package71.jpg
2022-05-18  오후 10:37            33,848 package710.jpg
2022-05-16  오전 05:29            23,881 package711.jpg
2022-05-16  오전 05:30            21,071 package712.jpg
2022-05-16  오전 05:30            26,904 package713.jpg
2022-05-16  오전 05:31           134,912 package714.jpg
2022-05-16  오전 05:33            68,204 package715.jpg
2022-05-16  오전 05:34            26,653 package716.jpg
2022-05-16  오전 05:24             9,044 package717.jpg
2022-05-16  오전 05:10             3,917 package718.jpg
2022-05-18  오후 10:32            46,443 package719.jpg
2022-05-16  오전 05:07             8,466 package72.jpg
2022-05-19  오후 01:29             5,238 package720.jpg
2022-05-16  오전 05:24             5,973 package721.jpg
2022-05-16  오전 05:25             5,939 package722.jpg
2022-05-17  오전 06:08             7,721 package723.jpg
2022-05-17  오전 06:10             6,927 package724.jpg
2022-05-17  오전 06:11             6,660 package725.jpg
2022-05-16  오전 05:14             3,625 package726.jpg
2022-05-16  오전 05:18             3,313 package727.jpg
2022-05-16  오전 05:19            20,811 package728.jpg
2022-05-16  오전 05:14             3,129 package729.jpg
2022-05-19  오전 05:33           173,711 package73.jpg
2022-05-16  오전 05:10             4,281 package730.jpg
2022-05-19  오후 01:30             3,276 package731.jpg
2022-05-16  오전 05:19            92,946 package732.jpg
2022-05-16  오전 05:20            55,970 package733.jpg
2022-05-16  오전 05:15             6,560 package734.jpg
2022-05-19  오전 07:54            37,263 package735.jpg
2022-05-16  오전 05:16             7,248 package736.jpg
2022-05-16  오전 05:17            22,194 package737.jpg
2022-05-16  오전 05:17            30,769 package738.jpg
2022-05-19  오전 08:04           193,300 package739.jpg
2022-05-19  오전 05:34           151,539 package74.jpg
2022-05-19  오전 08:05           245,868 package740.jpg
2022-05-19  오전 08:06           107,475 package741.jpg
2022-05-19  오후 01:31             7,152 package742.jpg
2022-05-16  오전 05:10             5,761 package743.jpg
2022-05-19  오전 08:07            75,174 package744.jpg
2022-05-16  오전 10:10           117,178 package745.jpg
2022-05-16  오전 10:06           138,903 package746.jpg
2022-05-16  오전 10:11            46,249 package747.jpg
2022-05-16  오전 10:05         1,245,608 package748.jpg
2022-05-16  오전 10:05            71,830 package749.jpg
2022-05-19  오전 05:34            64,867 package75.jpg
2022-05-16  오전 05:39             7,012 package750.jpg
2022-05-16  오전 05:39             5,879 package751.jpg
2022-05-16  오전 05:40             5,434 package752.jpg
2022-05-19  오전 01:00            75,493 package753.jpg
2022-05-17  오전 06:03            10,246 package754.jpg
2022-05-17  오전 06:03             7,692 package755.jpg
2022-05-18  오후 11:03           239,049 package756.jpg
2022-05-19  오전 12:43            39,426 package757.jpg
2022-05-17  오전 06:04             4,183 package758.jpg
2022-05-17  오전 06:04             4,798 package759.jpg
2022-05-19  오전 05:38           411,809 package76.jpg
2022-05-17  오전 06:05             3,436 package760.jpg
2022-05-17  오전 06:05             6,523 package761.jpg
2022-05-17  오전 06:05             4,521 package762.jpg
2022-05-17  오전 06:07             4,408 package763.jpg
2022-05-19  오전 01:05            34,280 package764.jpg
2022-05-17  오전 06:07             7,206 package765.jpg
2022-05-19  오전 12:49            33,530 package766.jpg
2022-05-19  오전 12:52            28,289 package767.jpg
2022-05-17  오전 06:10             5,249 package768.jpg
2022-05-17  오전 05:54             2,190 package769.jpg
2022-05-19  오전 05:39            89,056 package77.jpg
2022-05-17  오전 05:57             9,149 package770.jpg
2022-05-17  오전 05:57             4,415 package771.jpg
2022-05-17  오전 05:54             3,299 package772.jpg
2022-05-16  오전 05:15             9,273 package773.jpg
2022-05-19  오전 01:06            31,238 package774.jpg
2022-05-19  오전 01:00           113,068 package775.jpg
2022-05-19  오전 01:06            33,601 package776.jpg
2022-05-17  오전 05:54             4,028 package777.jpg
2022-05-17  오전 05:59             4,646 package778.jpg
2022-05-17  오전 06:02             5,191 package779.jpg
2022-05-19  오전 05:57           106,263 package78.jpg
2022-05-17  오전 06:02            10,499 package780.jpg
2022-05-19  오전 07:43            71,391 package781.jpg
2022-05-24  오전 06:18            30,637 package782.jpg
2022-05-24  오전 06:18            35,013 package783.jpg
2022-05-24  오전 06:18            43,545 package784.jpg
2022-05-24  오전 06:19            31,823 package785.jpg
2022-05-24  오전 05:39           226,916 package786.jpg
2022-05-24  오전 06:19           173,884 package787.jpg
2022-05-24  오전 06:19            50,065 package788.jpg
2022-05-24  오전 06:19            38,941 package789.jpg
2022-05-19  오전 05:56            70,081 package79.jpg
2022-05-24  오전 06:19            89,005 package790.jpg
2022-05-24  오전 06:19            77,801 package791.jpg
2022-05-19  오전 04:32         1,297,896 package792.jpg
2022-05-19  오전 05:30           156,539 package793.jpg
2022-05-19  오전 05:31            73,240 package794.jpg
2022-05-19  오전 05:37           193,987 package795.jpg
2022-05-19  오전 05:38            85,827 package796.jpg
2022-05-19  오전 05:35            84,497 package797.jpg
2022-05-19  오전 05:35            95,681 package798.jpg
2022-05-19  오전 05:57           112,769 package799.jpg
2022-05-24  오전 06:08            59,547 package8.jpg
2022-05-19  오전 05:55            66,487 package80.jpg
2022-05-19  오전 05:58            87,998 package800.jpg
2022-05-19  오전 05:59           158,067 package801.jpg
2022-05-19  오전 05:59           141,195 package802.jpg
2022-05-19  오전 04:33         1,518,149 package803.jpg
2022-05-19  오전 05:51           354,547 package804.jpg
2022-05-19  오전 05:52           168,224 package805.jpg
2022-05-19  오전 05:51            56,311 package806.jpg
2022-05-19  오전 05:53            88,855 package807.jpg
2022-05-19  오전 05:54            75,897 package808.jpg
2022-05-19  오전 05:49           297,148 package809.jpg
2022-05-19  오전 05:53            61,757 package81.jpg
2022-05-19  오전 05:43           210,603 package810.jpg
2022-05-19  오전 05:44           193,187 package811.jpg
2022-05-19  오전 05:44            68,573 package812.jpg
2022-05-19  오전 05:40           360,233 package813.jpg
2022-05-19  오전 04:34         1,184,796 package814.jpg
2022-05-19  오전 05:41           376,780 package815.jpg
2022-05-19  오전 05:41           182,189 package816.jpg
2022-05-19  오전 01:02            49,591 package817.jpg
2022-05-19  오전 12:58           165,919 package818.jpg
2022-05-19  오전 12:58           114,694 package819.jpg
2022-05-19  오전 05:49           172,603 package82.jpg
2022-05-19  오전 12:59           104,687 package820.jpg
2022-05-19  오전 12:58           124,934 package821.jpg
2022-05-19  오전 12:59           123,825 package822.jpg
2022-05-19  오전 01:00           101,914 package823.jpg
2022-05-19  오전 01:06            38,841 package824.jpg
2022-05-19  오전 04:34           793,187 package825.jpg
2022-05-19  오전 12:59           113,314 package826.jpg
2022-05-19  오전 01:07            56,388 package827.jpg
2022-05-19  오전 12:58           121,286 package828.jpg
2022-05-19  오전 12:57           101,914 package829.jpg
2022-05-16  오전 05:07             4,017 package83.jpg
2022-05-19  오전 01:08            41,475 package830.jpg
2022-05-16  오전 05:22             5,004 package831.jpg
2022-05-16  오전 05:23            11,710 package832.jpg
2022-05-16  오전 05:28             6,579 package833.jpg
2022-05-16  오전 05:29            12,607 package834.jpg
2022-05-16  오전 05:34           478,771 package835.jpg
2022-05-19  오전 04:38         1,298,148 package836.jpg
2022-05-16  오전 05:22             5,744 package837.jpg
2022-05-17  오전 06:00             6,709 package838.jpg
2022-05-19  오전 12:00            22,324 package839.jpg
2022-05-19  오전 05:48           244,731 package84.jpg
2022-05-17  오전 06:04             4,522 package840.jpg
2022-05-17  오전 05:55             2,482 package841.jpg
2022-05-17  오전 06:06             9,568 package842.jpg
2022-05-17  오전 06:06             3,778 package843.jpg
2022-05-19  오전 12:46            25,684 package844.jpg
2022-05-19  오전 12:48            24,645 package845.jpg
2022-05-19  오전 12:49            32,060 package846.jpg
2022-05-19  오전 04:39           367,586 package847.jpg
2022-05-17  오전 06:08             4,715 package848.jpg
2022-05-17  오전 06:09             4,327 package849.jpg
2022-05-19  오전 05:50           149,561 package85.jpg
2022-05-17  오전 05:55             2,225 package850.jpg
2022-05-19  오전 12:54            27,626 package851.jpg
2022-05-17  오전 06:11             9,115 package852.jpg
2022-05-17  오전 05:56             5,390 package853.jpg
2022-05-17  오전 05:56             3,546 package854.jpg
2022-05-19  오전 12:13            35,305 package855.jpg
2022-05-17  오전 05:57             6,533 package856.jpg
2022-05-17  오전 05:54             3,580 package857.jpg
2022-05-19  오전 05:08            87,392 package858.jpg
2022-05-19  오전 12:14            30,824 package859.jpg
2022-05-19  오전 05:45           166,271 package86.jpg
2022-05-17  오전 05:57             7,046 package860.jpg
2022-05-17  오전 05:57            10,515 package861.jpg
2022-05-17  오전 05:57             4,553 package862.jpg
2022-05-17  오전 05:58             2,455 package863.jpg
2022-05-20  오후 09:22           148,249 package864.jpg
2022-05-20  오후 09:24            92,811 package865.jpg
2022-05-20  오후 10:07            33,574 package866.jpg
2022-05-21  오전 09:38            24,850 package867.jpg
2022-05-21  오전 09:42            20,979 package868.jpg
2022-05-19  오전 05:08           102,311 package869.jpg
2022-05-19  오전 05:46            44,960 package87.jpg
2022-05-21  오전 09:42            20,384 package870.jpg
2022-05-21  오전 09:39            24,111 package871.jpg
2022-05-21  오전 09:40            25,747 package872.jpg
2022-05-21  오전 09:41            23,758 package873.jpg
2022-05-21  오전 09:57            22,566 package874.jpg
2022-05-21  오전 09:59            25,325 package875.jpg
2022-05-21  오전 09:58            22,484 package876.jpg
2022-05-21  오전 09:58            20,916 package877.jpg
2022-05-19  오전 05:29           310,938 package878.jpg
2022-05-19  오전 05:46            54,013 package88.jpg
2022-05-19  오전 05:47            54,265 package89.jpg
2022-05-24  오전 06:10            81,809 package9.jpg
2022-05-16  오전 04:54            45,377 package90.jpg
2022-05-16  오전 05:00            84,054 package91.jpg
2022-05-16  오전 05:00            49,663 package92.jpg
2022-05-16  오전 05:00           114,066 package93.jpg
2022-05-16  오전 05:07             6,572 package94.jpg
2022-05-16  오전 04:54           194,429 package95.jpg
2022-05-16  오전 05:00            41,432 package96.jpg
2022-05-19  오전 06:05            29,083 package97.jpg
2022-05-16  오전 05:00             4,298 package98.jpg
2022-05-16  오전 04:54           162,066 package99.jpg